#{"t_start": 1764687834.7812252, "env_id": "None"}
r,l,t
52.61,98,0.14193
52.61,98,0.252542
52.61,98,0.346877
52.61,98,0.477877
52.61,98,0.632148
52.61,98,0.758586
52.61,98,0.901337
52.61,98,0.995952
52.61,98,1.122316
52.61,98,1.248265
52.61,98,1.72118
52.61,98,1.848778
52.61,98,1.958974
52.61,98,2.053645
52.61,98,2.164589
52.61,98,2.290965
52.61,98,2.354775
52.61,98,2.466221
52.61,98,2.624409
52.61,98,2.766317
52.61,98,3.182467
52.61,98,3.28272
52.61,98,3.383068
52.61,98,3.495972
52.61,98,3.590827
52.61,98,3.701689
52.61,98,3.828558
52.61,98,3.923425
52.61,98,4.034329
52.61,98,4.14489
52.61,98,4.239642
52.61,98,4.60293
52.61,98,4.697917
52.61,98,4.787635
52.61,98,4.888129
52.61,98,4.988396
52.61,98,5.092515
52.61,98,5.21894
52.61,98,5.34569
52.61,98,5.45687
52.61,98,5.567493
52.61,98,5.979095
52.61,98,6.121582
52.61,98,6.232069
52.61,98,6.358481
52.61,98,6.501076
52.61,98,6.612464
52.61,98,6.659782
52.61,98,6.722881
52.61,98,6.83361
52.61,98,6.928464
52.61,98,7.039079
52.61,98,7.466928
52.61,98,7.561981
52.61,98,7.67297
52.61,98,7.794503
52.61,98,7.894654
52.61,98,7.995167
52.61,98,8.095441
52.61,98,8.195526
52.61,98,8.296007
52.61,98,8.400572
52.61,98,8.797599
52.61,98,8.922493
52.61,98,9.017391
52.61,98,9.111891
52.61,98,9.222382
52.61,98,9.333411
52.61,98,9.443777
52.61,98,9.538628
52.61,98,9.649788
52.61,98,9.745018
52.61,98,9.85605
52.61,98,10.267363
52.61,98,10.376523
52.61,98,10.488333
52.61,98,10.614635
52.61,98,10.725413
52.61,98,10.836454
52.61,98,10.947228
52.61,98,11.04207
52.61,98,11.152017
52.61,98,11.262673
52.61,98,11.674517
52.61,98,11.785102
52.61,98,11.895947
52.61,98,11.990818
52.61,98,12.101344
52.61,98,12.196196
52.61,98,12.307331
52.61,98,12.417855
52.61,98,12.512644
52.61,98,12.62346
52.61,98,12.760621
52.265,167,13.224314
51.54,312,13.556887
52.125,195,13.683299
52.31,158,13.873961
52.09,202,14.379561
52.205,179,14.569352
52.295,161,14.791154
51.895,241,15.076333
52.305,159,15.250227
52.16,188,15.456398
52.32,156,15.962451
52.34,152,16.136745
52.335,153,16.311015
52.355,149,16.469223
52.39,142,16.611316
52.345,151,16.721684
52.36,148,16.879508
52.5,120,17.33711
52.415,137,17.495686
52.32,156,17.669312
52.39,142,17.924095
52.495,121,18.097576
52.435,133,18.240132
52.52,116,18.366097
52.485,123,18.492805
52.365,147,19.032223
52.415,137,19.221691
52.42,136,19.363991
52.49,122,19.490903
52.42,136,19.633278
52.555,109,19.743903
52.495,121,19.870769
52.425,135,20.013096
52.53,114,20.440566
52.495,121,20.566987
52.485,123,20.693506
52.5,120,20.819975
52.385,143,20.978174
52.425,135,21.135734
52.375,145,21.277651
52.475,125,21.404288
52.455,129,21.910356
52.415,137,22.036633
52.415,137,22.178099
52.54,112,22.300203
52.46,128,22.428516
52.315,157,22.573268
52.445,131,22.715722
52.475,125,23.174538
52.29,162,23.364053
52.5,120,23.47465
52.515,117,23.584633
52.48,124,23.710589
52.515,117,23.836981
52.495,121,23.995072
52.565,107,24.105857
52.555,109,24.216537
52.545,111,24.644673
52.465,127,24.754946
52.54,112,24.88141
52.47,126,25.023719
52.57,106,25.150713
52.545,111,25.277178
52.56,108,25.404106
52.53,114,25.514798
52.35,150,25.97337
52.545,111,26.083889
52.555,109,26.194525
52.55,110,26.305131
52.51,118,26.46369
52.48,124,26.59024
52.525,115,26.716699
52.57,106,26.827435
52.56,108,26.939682
52.465,127,27.43077
52.51,118,27.572684
52.505,119,27.69862
52.52,116,27.857141
52.515,117,27.975838
52.545,111,28.109411
52.505,119,28.241731
52.475,125,28.378026
52.47,126,28.520458
52.575,105,28.980052
52.53,114,29.110922
52.53,114,29.249265
52.56,108,29.375849
52.575,105,29.486833
52.55,110,29.613437
52.51,118,29.744915
52.55,110,29.849805
52.45,130,30.008908
52.505,119,30.451963
52.52,116,30.579201
52.535,113,30.626791
52.56,108,30.674098
52.525,115,30.753157
52.565,107,30.863603
52.495,121,30.990193
52.555,109,31.100802
52.47,126,31.275112
52.53,114,31.735189
52.56,108,31.861936
52.52,116,31.972836
52.475,125,32.116024
52.545,111,32.226918
52.435,133,32.369579
52.5,120,32.496132
52.52,116,32.606967
52.5,120,32.765487
52.545,111,33.193228
52.52,116,33.335676
52.53,114,33.454379
52.535,113,33.541163
52.51,118,33.635936
52.525,115,33.778934
52.51,118,33.955272
52.545,111,34.080136
52.525,115,34.190182
52.525,115,34.616644
52.565,107,34.664519
52.56,108,34.775948
52.48,124,34.90254
52.46,128,35.028996
52.55,110,35.139708
52.55,110,35.266191
52.525,115,35.423972
52.57,106,35.614763
52.515,117,36.076288
52.555,109,36.203285
52.57,106,36.31414
52.48,124,36.440636
52.535,113,36.567553
52.53,114,36.76219
52.51,118,36.900021
52.555,109,37.009981
52.545,111,37.104295
52.565,107,37.533522
52.585,103,37.676418
52.505,119,37.83448
52.6,100,38.008377
52.57,106,38.166418
52.59,102,38.299409
52.52,116,38.439021
52.585,103,38.567407
52.555,109,38.709127
52.53,114,39.120461
52.58,104,39.252888
52.57,106,39.320312
52.56,108,39.37051
52.595,101,39.506113
52.55,110,39.644622
52.6,100,39.771014
52.56,108,39.96252
52.52,116,40.153039
52.575,105,40.321871
52.58,104,40.936949
52.59,102,41.081303
52.555,109,41.20334
52.575,105,41.336291
52.575,105,41.447053
52.56,108,41.605917
52.59,102,41.738639
52.6,100,41.864052
52.595,101,41.988107
52.59,102,42.15254
52.6,100,42.619409
52.57,106,42.753911
52.585,103,42.882566
52.58,104,42.99349
52.59,102,43.135972
52.555,109,43.25791
52.595,101,43.349285
52.56,108,43.475907
52.57,106,43.589088
52.585,103,44.069667
52.6,100,44.202927
52.575,105,44.370027
52.56,108,44.549146
52.58,104,44.679612
52.61,98,44.81017
52.59,102,44.998155
52.595,101,45.13707
52.6,100,45.286248
52.565,107,45.439859
52.585,103,45.953429
52.595,101,46.086333
52.595,101,46.23719
52.59,102,46.352303
52.59,102,46.4811
52.605,99,46.612294
52.61,98,46.700953
52.6,100,46.812507
52.605,99,46.950036
52.605,99,47.068815
52.61,98,47.182563
52.6,100,47.643101
52.6,100,47.769629
52.61,98,47.864404
52.6,100,47.959216
52.61,98,48.054075
52.6,100,48.16978
52.595,101,48.264128
52.59,102,48.449776
52.595,101,48.585878
52.61,98,48.689683
52.605,99,49.005738
52.6,100,49.051998
52.605,99,49.099484
52.61,98,49.147261
52.59,102,49.202267
52.595,101,49.250509
52.61,98,49.287498
52.595,101,49.330007
52.605,99,49.393134
52.6,100,49.519781
52.61,98,49.948881
52.605,99,50.059735
52.61,98,50.181739
52.61,98,50.25092
52.605,99,50.361801
52.61,98,50.471936
52.61,98,50.614648
52.61,98,50.693851
52.61,98,50.790818
52.61,98,50.884777
52.6,100,50.991008
52.61,98,51.297757
52.61,98,51.329954
52.605,99,51.393853
52.61,98,51.569093
52.61,98,51.664074
52.61,98,51.807636
52.61,98,51.935456
52.61,98,52.06243
52.61,98,52.179508
52.605,99,52.284921
52.61,98,52.712946
52.61,98,52.795756
52.61,98,52.871191
52.61,98,52.966499
52.605,99,53.06232
52.61,98,53.158425
52.605,99,53.317573
52.61,98,53.477314
52.605,99,53.644629
52.61,98,53.798542
52.61,98,54.303585
52.61,98,54.450442
52.61,98,54.573131
52.61,98,54.682878
52.61,98,54.809636
52.61,98,54.905209
52.61,98,54.984194
52.61,98,55.079757
52.61,98,55.1749
52.61,98,55.285641
52.6,100,55.380636
52.61,98,55.825496
52.61,98,55.93609
52.61,98,56.046827
52.61,98,56.157487
52.61,98,56.236894
52.61,98,56.332383
52.61,98,56.4284
52.61,98,56.52339
52.61,98,56.634816
52.61,98,56.730573
52.61,98,57.126713
52.61,98,57.221855
52.61,98,57.332688
52.605,99,57.427788
52.61,98,57.522527
52.61,98,57.617864
52.61,98,57.735941
52.61,98,57.824016
52.605,99,57.949992
52.61,98,58.09163
52.61,98,58.202979
52.61,98,58.5679
52.61,98,58.679682
52.61,98,58.774949
52.61,98,58.870264
52.61,98,58.980959
52.61,98,59.111335
52.61,98,59.204068
52.61,98,59.299224
52.61,98,59.394418
52.61,98,59.505494
52.61,98,60.01359
52.61,98,60.121766
52.61,98,60.214217
52.61,98,60.29694
52.61,98,60.39241
52.61,98,60.50346
52.61,98,60.582475
52.61,98,60.67769
52.61,98,60.788722
52.605,99,60.900232
52.61,98,60.994766
52.61,98,61.279536
52.605,99,61.316362
52.61,98,61.359679
52.61,98,61.407167
52.605,99,61.438858
52.605,99,61.486334
52.61,98,61.533111
52.61,98,61.564842
52.61,98,61.617496
52.61,98,61.643972
52.61,98,61.961741
52.61,98,62.10534
52.605,99,62.200572
52.61,98,62.311733
52.61,98,62.423033
52.61,98,62.565984
52.605,99,62.724867
52.61,98,62.884462
52.61,98,63.02183
52.61,98,63.140031
52.61,98,63.283881
52.61,98,63.696029
52.61,98,63.80659
52.61,98,63.94989
52.61,98,64.108272
52.61,98,64.235552
52.61,98,64.34649
52.61,98,64.457921
52.61,98,64.626762
52.6,100,64.77557
52.61,98,64.935299
52.61,98,65.364468
52.61,98,65.475461
52.605,99,65.570262
52.61,98,65.680849
52.61,98,65.775886
52.61,98,65.870948
52.61,98,65.982376
52.605,99,66.093863
52.61,98,66.205288
52.61,98,66.316263
52.61,98,66.711655
52.61,98,66.822312
52.61,98,67.013594
52.61,98,67.108966
52.61,98,67.220083
52.61,98,67.315583
52.61,98,67.41093
52.6,100,67.522454
52.61,98,67.617249
52.605,99,67.712049
52.61,98,67.822712
52.61,98,68.25291
52.61,98,68.348517
52.61,98,68.460625
52.61,98,68.555488
52.605,99,68.650447
52.61,98,68.729492
52.61,98,68.776613
52.61,98,68.855335
52.61,98,68.950343
52.61,98,69.061555
52.61,98,69.488248
52.61,98,69.647713
52.61,98,69.807856
52.61,98,69.887552
52.605,99,69.942307
52.61,98,69.983003
52.61,98,70.04253
52.61,98,70.142456
52.61,98,70.269473
52.61,98,70.349481
52.61,98,70.442891
52.61,98,70.828808
52.61,98,70.923879
52.61,98,71.003542
52.61,98,71.098914
52.61,98,71.209991
52.61,98,71.289162
52.61,98,71.400312
52.61,98,71.479741
52.61,98,71.575522
52.61,98,71.655449
52.61,98,72.021452
52.61,98,72.149193
52.61,98,72.277316
52.61,98,72.341488
52.61,98,72.405253
52.61,98,72.53291
52.61,98,72.66013
52.61,98,72.819327
52.61,98,72.962434
52.61,98,73.106473
52.61,98,73.233371
52.61,98,73.679073
52.61,98,73.789817
52.61,98,73.933173
52.61,98,74.060524
52.61,98,74.203131
52.61,98,74.329284
52.61,98,74.461293
52.605,99,74.618773
52.61,98,74.72996
52.61,98,74.841161
52.605,99,75.366677
52.61,98,75.495267
52.61,98,75.597314
52.61,98,75.734939
52.61,98,75.861923
52.61,98,76.006128
52.61,98,76.133856
52.61,98,76.291601
52.61,98,76.419824
52.61,98,76.563133
52.61,98,77.039793
52.61,98,77.182146
52.61,98,77.341716
52.61,98,77.496606
52.61,98,77.644886
52.61,98,77.836257
52.61,98,77.980087
52.61,98,78.123879
52.61,98,78.282617
52.61,98,78.392613
52.61,98,78.552797
52.61,98,78.982517
52.61,98,79.094029
52.61,98,79.20541
52.605,99,79.317306
52.61,98,79.421706
52.61,98,79.541335
52.61,98,79.636225
52.61,98,79.731004
52.61,98,79.841552
52.61,98,79.93654
52.61,98,80.349815
52.61,98,80.460982
52.61,98,80.52464
52.61,98,80.635774
52.61,98,80.729958
52.61,98,80.841424
52.61,98,80.99982
52.61,98,81.110548
52.61,98,81.190703
52.61,98,81.285896
52.61,98,81.397183
52.61,98,81.79261
52.61,98,81.887396
52.61,98,82.061296
52.61,98,82.15617
52.61,98,82.270318
52.61,98,82.377781
52.61,98,82.505072
52.61,98,82.600197
52.61,98,82.711059
52.61,98,82.805834
52.61,98,83.201113
52.61,98,83.311734
52.61,98,83.422596
52.61,98,83.517419
52.61,98,83.634286
52.61,98,83.707306
52.61,98,83.802165
52.61,98,83.912336
52.61,98,84.006769
52.61,98,84.117555
52.61,98,84.22859
52.61,98,84.720021
52.61,98,84.830769
52.61,98,84.941267
52.61,98,85.036396
52.61,98,85.147159
52.61,98,85.257218
52.61,98,85.367832
52.61,98,85.47946
52.61,98,85.590255
52.61,98,85.700855
52.61,98,86.081191
52.61,98,86.191178
52.61,98,86.351865
52.61,98,86.492612
52.61,98,86.666751
52.61,98,86.808711
52.61,98,86.966048
52.61,98,87.13973
52.61,98,87.283567
52.61,98,87.440888
52.61,98,87.599651
52.61,98,88.043677
52.61,98,88.201925
52.61,98,88.344156
52.61,98,88.502596
52.61,98,88.630289
52.61,98,88.725693
52.61,98,88.836269
52.61,98,88.946874
52.61,98,89.057506
52.61,98,89.168617
52.61,98,89.595953
52.61,98,89.707019
52.61,98,89.801999
52.61,98,89.896779
52.61,98,90.006692
52.61,98,90.08561
52.61,98,90.165364
52.61,98,90.244278
52.61,98,90.35494
52.61,98,90.434492
52.61,98,90.879187
52.61,98,90.99298
52.61,98,91.093275
52.61,98,91.193526
52.61,98,91.293842
52.61,98,91.384964
52.61,98,91.495755
52.61,98,91.594795
52.61,98,91.701286
52.61,98,91.819077
52.61,98,91.906849
52.61,98,92.301843
52.61,98,92.39725
52.605,99,92.497723
52.61,98,92.602865
52.61,98,92.745439
52.61,98,92.840365
52.61,98,92.951062
52.61,98,93.045906
52.61,98,93.140712
52.61,98,93.251514
52.61,98,93.646704
52.61,98,93.789193
52.61,98,93.901776
52.61,98,93.995862
52.61,98,94.059668
52.605,99,94.107561
52.61,98,94.155807
52.61,98,94.203568
52.61,98,94.315404
52.61,98,94.426922
52.61,98,94.521943
52.605,99,94.905093
52.61,98,95.003572
52.61,98,95.103786
52.61,98,95.240079
52.61,98,95.351421
52.61,98,95.47793
52.61,98,95.667835
52.61,98,95.841048
52.61,98,95.982799
52.61,98,96.140054
52.61,98,96.606099
52.61,98,96.710736
52.61,98,96.853927
52.61,98,96.980716
52.61,98,97.076407
52.61,98,97.218748
52.61,98,97.377554
52.61,98,97.535474
52.61,98,97.677927
52.61,98,97.819761
52.61,98,97.977702
52.61,98,98.389446
52.605,99,98.485834
52.605,99,98.628543
52.61,98,98.787916
-35.404082,7500,108.999592
52.61,98,109.140111
52.61,98,109.280181
52.61,98,109.407225
52.61,98,109.919813
52.61,98,110.058253
52.61,98,110.219463
52.61,98,110.372107
52.61,98,110.518574
52.61,98,110.654265
52.61,98,110.816385
52.61,98,110.907153
52.61,98,111.049201
52.61,98,111.192132
52.61,98,111.688454
52.61,98,111.831047
52.61,98,111.989037
52.61,98,112.146885
52.61,98,112.305903
52.61,98,112.464355
52.61,98,112.591212
52.61,98,112.749836
52.61,98,112.892421
52.61,98,113.03273
52.61,98,113.191761
52.61,98,113.736057
52.61,98,113.863435
52.61,98,114.021907
52.61,98,114.180371
52.61,98,114.33903
52.61,98,114.498045
52.61,98,114.640828
52.61,98,114.752523
52.61,98,114.831295
52.61,98,114.895064
52.61,98,115.309394
52.61,98,115.35715
52.61,98,115.484044
52.61,98,115.642514
52.61,98,115.785006
52.61,98,115.943508
52.605,99,116.086039
52.61,98,116.244457
52.61,98,116.387079
52.61,98,116.561512
52.61,98,116.719875
52.61,98,117.195496
52.61,98,117.322429
52.61,98,117.481333
52.61,98,117.63987
52.61,98,117.760412
52.61,98,117.862214
52.61,98,117.987938
52.61,98,118.147185
52.61,98,118.321783
52.61,98,118.481425
52.61,98,118.974619
52.6,100,119.118368
52.61,98,119.166143
52.61,98,119.245801
52.61,98,119.388901
52.61,98,119.500006
52.61,98,119.642467
52.61,98,119.793797
52.61,98,119.943551
52.61,98,120.102197
52.61,98,120.515523
52.61,98,120.690139
52.61,98,120.847998
52.61,98,120.975271
52.61,98,121.069687
52.61,98,121.180484
52.61,98,121.275447
52.61,98,121.433309
52.61,98,121.528217
52.61,98,121.655088
52.61,98,121.765946
52.61,98,122.150041
52.61,98,122.210092
52.61,98,122.321783
52.61,98,122.416879
52.595,101,122.496128
52.61,98,122.591104
52.61,98,122.702446
52.61,98,122.813411
52.61,98,122.908425
52.61,98,123.019258
52.61,98,123.448424
52.61,98,123.575155
52.61,98,123.702071
52.61,98,123.796925
52.61,98,123.907585
52.61,98,124.018253
52.61,98,124.113089
52.61,98,124.207855
52.61,98,124.334281
52.61,98,124.46123
52.61,98,124.556463
52.61,98,125.000624
52.61,98,125.094983
52.61,98,125.205647
52.61,98,125.348963
52.6,100,125.480454
52.61,98,125.586222
52.61,98,125.680991
52.61,98,125.792331
52.61,98,125.91983
52.61,98,126.030876
52.61,98,126.444315
52.605,99,126.55498
52.61,98,126.665587
52.61,98,126.783086
52.61,98,126.887143
52.61,98,126.983588
52.61,98,127.092654
52.61,98,127.187446
52.61,98,127.298023
52.61,98,127.440598
52.61,98,127.552143
52.61,98,128.01191
52.61,98,128.122508
52.61,98,128.217238
52.61,98,128.312114
52.61,98,128.422776
52.61,98,128.53356
52.61,98,128.62882
52.61,98,128.739586
52.61,98,128.850211
52.61,98,128.945224
52.61,98,129.33637
52.61,98,129.467652
52.61,98,129.626839
52.61,98,129.769578
52.61,98,129.92823
52.61,98,130.091353
52.61,98,130.228619
52.61,98,130.339909
52.61,98,130.493236
52.61,98,130.625052
52.61,98,131.116278
52.61,98,131.227378
52.61,98,131.322145
52.61,98,131.433216
52.61,98,131.528543
52.61,98,131.687754
52.61,98,131.846359
52.61,98,131.96777
52.61,98,132.100045
52.61,98,132.228354
52.61,98,132.308011
52.61,98,132.720109
52.61,98,132.862499
52.61,98,132.973429
52.61,98,133.089019
52.61,98,133.258146
52.61,98,133.433047
52.61,98,133.609073
52.605,99,133.80014
52.61,98,133.958941
52.61,98,134.118729
52.61,98,134.63622
52.61,98,134.794404
52.61,98,134.937075
52.61,98,135.06394
52.61,98,135.238871
52.61,98,135.397572
52.61,98,135.539937
52.61,98,135.683486
52.61,98,135.84252
52.61,98,135.985554
52.61,98,136.112363
52.61,98,136.444669
52.61,98,136.524067
52.61,98,136.614608
52.61,98,136.683402
52.61,98,136.798629
52.61,98,136.857926
52.61,98,136.968634
52.61,98,137.047639
52.61,98,137.157902
52.61,98,137.268929
52.61,98,137.76061
52.61,98,137.824036
52.61,98,137.871689
52.61,98,137.919302
52.61,98,137.967097
52.61,98,138.017095
52.61,98,138.047103
52.61,98,138.158468
52.61,98,138.269203
52.61,98,138.379909
52.61,98,138.474818
52.61,98,138.839112
52.61,98,138.93398
52.61,98,139.060646
52.61,98,139.116493
52.61,98,139.186929
52.61,98,139.234931
52.61,98,139.282761
52.61,98,139.330381
52.61,98,139.489038
52.61,98,139.59989
52.61,98,139.900539
52.61,98,139.948041
52.61,98,139.9797
52.61,98,140.027645
52.61,98,140.075194
52.61,98,140.138507
52.61,98,140.234116
52.61,98,140.345048
52.61,98,140.440375
52.61,98,140.535614
52.61,98,140.64646
52.61,98,141.090823
52.61,98,141.169974
52.61,98,141.281397
52.61,98,141.39224
52.61,98,141.487326
52.61,98,141.598222
52.61,98,141.693306
52.61,98,141.822943
52.61,98,141.915864
52.61,98,141.947567
52.605,99,142.090659
52.61,98,142.138609
52.61,98,142.170368
52.61,98,142.223636
52.605,99,142.329145
52.605,99,142.487452
52.61,98,142.598235
52.61,98,142.69312
52.61,98,142.804497
52.61,98,142.947646
52.61,98,143.4263
52.61,98,143.563369
52.605,99,143.727495
52.61,98,143.866081
52.61,98,144.027499
52.6,100,144.200716
52.61,98,144.376188
52.61,98,144.535358
52.61,98,144.696713
52.61,98,144.8701
52.61,98,145.02964
52.61,98,145.619962
52.61,98,145.779085
52.61,98,145.922277
52.61,98,146.017384
52.61,98,146.175533
52.61,98,146.343303
52.61,98,146.491992
52.61,98,146.667581
52.61,98,146.840906
52.61,98,146.998972
52.61,98,147.6042
-35.408163,7500,158.86434
52.6,100,158.991039
52.61,98,159.149019
52.605,99,159.307692
52.605,99,159.471059
52.605,99,159.642918
52.595,101,159.802052
52.595,101,160.374575
52.61,98,160.500511
52.6,100,160.595252
52.605,99,160.705852
52.61,98,160.800658
52.61,98,160.976406
52.59,102,161.149529
52.61,98,161.307971
52.6,100,161.482659
52.6,100,161.657
52.595,101,161.831473
52.605,99,162.372245
52.605,99,162.546673
52.61,98,162.705549
52.61,98,162.881818
52.605,99,163.022795
52.595,101,163.133472
52.605,99,163.228473
52.61,98,163.355262
52.6,100,163.450336
52.6,100,163.57673
52.585,103,164.021515
52.605,99,164.196208
52.605,99,164.356527
52.6,100,164.531275
52.605,99,164.705915
52.605,99,164.864253
52.605,99,165.039887
52.595,101,165.214314
52.6,100,165.389266
52.61,98,165.547922
52.61,98,166.038264
52.605,99,166.180734
52.605,99,166.339136
52.595,101,166.481855
52.61,98,166.640132
52.61,98,166.735564
52.61,98,166.786059
52.605,99,166.878309
52.61,98,166.993918
52.6,100,167.099532
52.61,98,167.210309
52.6,100,167.653348
52.605,99,167.764075
52.61,98,167.858781
52.61,98,167.953618
52.61,98,168.064897
52.61,98,168.175806
52.61,98,168.302921
52.605,99,168.413638
52.61,98,168.508497
52.61,98,168.619063
52.61,98,169.014159
52.605,99,169.140763
-35.404082,7500,179.284902
52.605,99,179.458691
52.605,99,179.634022
52.605,99,179.793829
52.6,100,179.969219
52.61,98,180.131857
52.605,99,180.686674
52.61,98,180.861336
52.61,98,181.020577
52.61,98,181.195745
52.61,98,181.370925
52.61,98,181.54513
52.605,99,181.720719
52.61,98,181.896371
52.61,98,182.039416
52.595,101,182.214108
52.61,98,182.787432
52.605,99,182.946859
52.61,98,183.08861
52.605,99,183.231508
52.605,99,183.389939
52.595,101,183.549495
52.61,98,183.603161
52.61,98,183.670062
52.61,98,183.780906
52.61,98,183.891046
52.605,99,183.986044
52.61,98,184.476591
52.61,98,184.645613
52.61,98,184.797414
52.605,99,184.956103
52.61,98,185.099016
52.605,99,185.247834
52.605,99,185.417029
52.61,98,185.576151
52.605,99,185.749898
52.605,99,185.928643
52.61,98,186.412717
52.61,98,186.555336
52.61,98,186.697879
52.61,98,186.840188
52.61,98,186.996875
52.61,98,187.155798
52.605,99,187.330333
52.605,99,187.457462
52.605,99,187.554938
52.6,100,187.655291
52.61,98,187.821158
52.605,99,188.248482
52.61,98,188.39092
52.605,99,188.53338
52.61,98,188.692449
52.61,98,188.851519
52.605,99,188.899443
52.61,98,188.962724
52.605,99,189.089527
52.6,100,189.216178
52.61,98,189.337462
52.61,98,189.787395
52.605,99,189.913918
52.6,100,190.00907
52.61,98,190.119854
52.605,99,190.214726
52.605,99,190.325334
52.61,98,190.420182
52.61,98,190.515026
52.61,98,190.609888
52.61,98,190.720534
52.605,99,191.132208
52.61,98,191.179591
52.61,98,191.242833
52.605,99,191.306111
52.61,98,191.417006
52.6,100,191.511742
52.61,98,191.622394
52.605,99,191.733032
52.61,98,191.844142
52.61,98,191.938976
52.6,100,192.049688
52.61,98,192.445542
52.61,98,192.556229
52.61,98,192.651072
52.61,98,192.746213
52.605,99,192.889293
52.61,98,193.016473
52.6,100,193.111624
52.61,98,193.222643
52.61,98,193.317461
52.61,98,193.428278
52.61,98,193.823899
52.595,101,193.934675
52.61,98,194.029456
52.61,98,194.140266
52.61,98,194.251431
52.61,98,194.362177
52.61,98,194.457121
52.6,100,194.567698
52.61,98,194.662576
52.61,98,194.757455
52.61,98,194.900028
52.605,99,195.233998
52.61,98,195.297498
52.61,98,195.408684
52.61,98,195.503535
52.61,98,195.598355
52.605,99,195.741349
52.61,98,195.852085
52.605,99,195.962927
52.61,98,196.058138
52.61,98,196.169171
52.61,98,196.564574
52.61,98,196.659387
52.61,98,196.772635
52.61,98,196.849422
52.61,98,196.896869
52.61,98,197.008611
52.61,98,197.120147
52.61,98,197.183756
52.61,98,197.231259
52.61,98,197.282388
52.605,99,197.659749
52.61,98,197.770535
52.61,98,197.912969
52.61,98,198.055985
52.61,98,198.150966
52.61,98,198.245779
52.61,98,198.356454
52.61,98,198.499242
52.61,98,198.657462
52.61,98,198.800256
52.605,99,198.95859
52.6,100,199.450839
52.61,98,199.60927
52.605,99,199.751659
52.61,98,199.925959
52.61,98,200.084469
52.61,98,200.227148
52.61,98,200.38534
52.61,98,200.496302
52.6,100,200.592701
52.61,98,200.701716
52.61,98,201.149603
52.6,100,201.257527
52.61,98,201.305563
52.61,98,201.369419
52.61,98,201.464374
52.61,98,201.559078
52.61,98,201.669697
52.61,98,201.780353
52.61,98,201.875137
52.6,100,201.986173
52.61,98,202.080916
52.61,98,202.508879
52.61,98,202.603723
52.61,98,202.714375
52.61,98,202.846778
52.61,98,202.983421
52.61,98,203.078299
52.61,98,203.221076
52.61,98,203.331778
52.61,98,203.442412
52.61,98,203.537308
52.61,98,203.948533
52.61,98,204.043329
52.61,98,204.153936
52.61,98,204.265052
52.61,98,204.37572
52.61,98,204.486394
52.61,98,204.581141
52.61,98,204.675962
52.61,98,204.754998
52.605,99,204.819089
52.605,99,204.867361
52.605,99,205.328312
52.61,98,205.428098
52.61,98,205.534614
52.6,100,205.645258
52.605,99,205.740361
52.61,98,205.83525
52.605,99,205.945897
52.595,101,206.040719
52.61,98,206.151339
52.6,100,206.24627
52.61,98,206.673159
52.605,99,206.783864
52.6,100,206.878661
52.6,100,206.973467
52.605,99,207.068239
52.59,102,207.178859
52.605,99,207.289445
52.605,99,207.416725
52.61,98,207.527333
52.595,101,207.622206
52.605,99,208.017325
52.605,99,208.127895
52.605,99,208.286175
52.605,99,208.428987
52.61,98,208.587308
52.605,99,208.74544
52.605,99,208.887992
52.6,100,209.062453
52.605,99,209.236659
52.595,101,209.395312
52.605,99,209.791978
52.61,98,209.966944
52.61,98,210.126143
52.6,100,210.283822
52.605,99,210.442719
52.61,98,210.600957
52.6,100,210.759246
52.61,98,210.901702
52.605,99,211.0442
52.605,99,211.154843
52.61,98,211.249655
-35.404082,7500,224.863439
52.61,98,224.974242
52.61,98,225.101288
52.605,99,225.196245
52.61,98,225.30724
52.61,98,225.434079
52.61,98,225.52903
52.61,98,225.624078
52.61,98,226.100218
52.61,98,226.194911
52.61,98,226.305586
52.6,100,226.400494
52.61,98,226.495297
52.605,99,226.605883
52.61,98,226.716809
52.61,98,226.811893
52.61,98,226.922785
52.61,98,226.96613
52.61,98,227.302588
52.61,98,227.413283
52.61,98,227.539802
52.61,98,227.650541
52.61,98,227.76821
52.61,98,227.870966
52.61,98,227.981796
52.61,98,228.07712
52.61,98,228.18831
52.61,98,228.283266
52.61,98,228.378345
52.61,98,228.774403
52.605,99,228.885181
52.61,98,228.996587
52.61,98,229.091527
52.61,98,229.20245
52.61,98,229.313281
52.61,98,229.408654
52.61,98,229.535045
52.61,98,229.629857
52.61,98,229.740512
52.61,98,230.199892
52.61,98,230.294703
52.61,98,230.405283
52.61,98,230.500394
52.61,98,230.595124
52.605,99,230.706187
52.61,98,230.801149
52.605,99,230.89616
52.61,98,230.991071
52.61,98,231.11774
52.61,98,231.212523
52.61,98,231.607596
52.61,98,231.718196
52.61,98,231.861303
52.6,100,231.957108
52.6,100,232.080539
52.61,98,232.194978
52.61,98,232.290488
52.61,98,232.385435
-35.408163,7500,242.434051
52.61,98,242.545269
52.605,99,242.655971
52.61,98,242.750923
52.61,98,242.846041
52.6,100,242.956993
52.61,98,243.051956
52.61,98,243.162953
52.61,98,243.258014
52.61,98,243.353028
52.61,98,243.781516
52.61,98,243.876407
52.61,98,243.971632
52.61,98,244.066686
52.61,98,244.177535
52.61,98,244.272576
52.61,98,244.430092
52.61,98,244.571962
52.61,98,244.682887
52.61,98,244.810023
-35.404082,7500,257.256303
52.61,98,257.388847
52.605,99,257.553178
52.61,98,257.704609
52.61,98,257.823701
52.605,99,257.956439
52.61,98,258.151602
52.61,98,258.282499
52.61,98,258.407118
52.61,98,258.894341
52.61,98,259.034096
52.61,98,259.187413
52.61,98,259.304698
52.61,98,259.420346
52.61,98,259.557417
52.61,98,259.685574
52.61,98,259.784249
52.6,100,259.897064
52.61,98,259.99775
52.61,98,260.371572
52.61,98,260.476419
52.61,98,260.578462
52.61,98,260.742456
52.61,98,260.866064
52.61,98,260.993625
52.61,98,261.119726
52.61,98,261.25058
52.61,98,261.384774
52.61,98,261.447722
52.605,99,261.82114
52.61,98,261.950997
52.61,98,262.099759
52.61,98,262.271552
52.61,98,262.43884
52.61,98,262.607746
52.61,98,262.75911
52.61,98,262.905014
52.61,98,263.05464
52.61,98,263.192369
52.605,99,263.345796
52.61,98,263.817575
52.61,98,263.950804
52.61,98,264.103403
52.61,98,264.262303
52.61,98,264.404856
52.61,98,264.562188
52.61,98,264.719361
52.61,98,264.875836
52.61,98,265.017522
52.61,98,265.173071
52.61,98,265.71055
52.61,98,265.877264
52.61,98,266.012298
52.61,98,266.125501
52.61,98,266.274137
52.61,98,266.425713
52.61,98,266.550544
52.61,98,266.640596
52.61,98,266.724304
52.61,98,266.822907
52.61,98,266.932527
52.61,98,267.422568
52.61,98,267.570924
52.61,98,267.686288
52.61,98,267.787206
52.61,98,267.888018
52.61,98,267.986833
52.61,98,268.118387
52.61,98,268.222726
52.61,98,268.327284
52.61,98,268.430686
52.61,98,268.826149
52.61,98,268.944878
52.61,98,269.069343
52.61,98,269.176176
52.61,98,269.236575
52.61,98,269.285536
52.61,98,269.373194
52.61,98,269.525485
52.61,98,269.662767
52.605,99,269.766404
52.61,98,269.886498
52.61,98,270.16627
52.61,98,270.280535
52.605,99,270.397474
52.61,98,270.495967
52.61,98,270.666346
52.61,98,270.813621
52.61,98,270.964762
52.61,98,271.09861
52.61,98,271.260429
52.61,98,271.407464
52.61,98,271.841331
52.61,98,271.954761
52.61,98,272.116553
52.605,99,272.280381
52.6,100,272.421725
52.61,98,272.586849
52.61,98,272.721668
52.61,98,272.866033
52.61,98,273.017558
52.61,98,273.181338
52.605,99,273.314414
52.61,98,273.773542
52.61,98,273.879775
52.61,98,273.978866
52.605,99,274.10466
52.61,98,274.225843
52.61,98,274.347427
52.61,98,274.462553
52.61,98,274.615679
52.61,98,274.730381
52.61,98,274.85973
52.61,98,275.32104
52.605,99,275.384991
52.61,98,275.514987
52.61,98,275.62438
52.61,98,275.728683
52.605,99,275.863977
52.61,98,275.978985
52.61,98,276.077021
52.61,98,276.182504
52.6,100,276.290042
52.61,98,276.732783
52.605,99,276.846293
52.605,99,276.959282
52.605,99,277.049182
52.61,98,277.155049
52.605,99,277.308725
52.61,98,277.444848
52.61,98,277.549968
52.61,98,277.660635
52.61,98,277.775628
52.605,99,277.869184
52.61,98,278.421527
52.61,98,278.747045
52.61,98,278.915498
52.61,98,279.095051
52.61,98,279.21568
52.61,98,279.317593
52.61,98,279.464828
52.61,98,279.579832
52.61,98,279.679853
52.61,98,279.774251
52.605,99,280.229377
52.605,99,280.33607
52.61,98,280.479935
52.605,99,280.584841
52.61,98,280.698951
52.61,98,280.782071
52.605,99,280.821866
52.61,98,280.914841
52.61,98,281.023825
52.61,98,281.174994
52.61,98,281.294369
52.61,98,281.726856
52.605,99,281.853489
52.61,98,281.976859
52.61,98,282.123087
52.61,98,282.298927
52.61,98,282.413935
52.61,98,282.521061
52.61,98,282.623982
52.61,98,282.733069
52.61,98,282.848662
52.61,98,283.336038
52.61,98,283.492205
52.61,98,283.616069
52.61,98,283.687937
52.61,98,283.849539
52.61,98,284.011105
52.61,98,284.180125
52.61,98,284.344581
52.61,98,284.503117
52.61,98,284.64971
52.61,98,284.811368
52.61,98,285.381536
52.61,98,285.529578
52.61,98,285.692749
52.61,98,285.838586
52.61,98,285.976513
52.61,98,286.132768
52.61,98,286.281998
52.61,98,286.428849
52.61,98,286.578091
52.61,98,286.727059
52.61,98,287.206104
52.61,98,287.363172
52.61,98,287.526176
52.61,98,287.67974
52.61,98,287.733164
52.605,99,287.779958
52.61,98,287.827126
52.61,98,287.927622
52.61,98,288.081304
52.61,98,288.232803
52.61,98,288.710647
52.61,98,288.809105
52.61,98,288.908241
52.61,98,289.043377
52.61,98,289.151383
52.61,98,289.281316
52.61,98,289.419842
52.61,98,289.520537
52.61,98,289.655453
52.61,98,289.757888
52.61,98,289.805465
52.61,98,290.186756
52.61,98,290.292197
52.61,98,290.410488
52.61,98,290.555565
52.61,98,290.658725
52.61,98,290.77142
52.61,98,290.869285
52.61,98,290.993135
52.61,98,291.07542
52.61,98,291.136741
52.61,98,291.479737
52.61,98,291.609893
52.61,98,291.746891
52.61,98,291.848864
52.61,98,291.953506
52.61,98,292.053433
52.61,98,292.155455
52.61,98,292.252816
52.61,98,292.356447
52.61,98,292.455941
52.61,98,292.565837
52.61,98,292.991284
52.61,98,293.09067
52.61,98,293.198231
52.6,100,293.303517
52.61,98,293.404824
52.61,98,293.541407
52.61,98,293.703403
52.61,98,293.828191
52.61,98,293.935863
52.605,99,294.03972
52.605,99,294.453765
52.6,100,294.567792
52.61,98,294.693374
52.61,98,294.796192
52.6,100,294.895029
52.61,98,294.99329
52.61,98,295.094443
52.61,98,295.205071
52.61,98,295.386447
52.6,100,295.520144
52.61,98,295.618848
52.61,98,296.09284
52.61,98,296.195379
52.61,98,296.304614
52.61,98,296.40763
52.61,98,296.506474
52.605,99,296.605338
52.605,99,296.708945
52.61,98,296.837766
52.6,100,296.941641
52.61,98,297.041755
52.61,98,297.469338
52.61,98,297.576424
52.61,98,297.677394
52.61,98,297.77938
52.61,98,297.924251
52.605,99,298.025232
52.61,98,298.124349
52.61,98,298.22414
52.61,98,298.328061
52.61,98,298.426143
52.605,99,298.818996
52.61,98,298.932195
52.61,98,299.031022
52.61,98,299.136815
52.605,99,299.23882
52.61,98,299.342252
52.61,98,299.449243
52.61,98,299.552632
52.61,98,299.654974
52.61,98,299.75666
52.61,98,299.871251
52.61,98,300.143832
52.605,99,300.192828
52.6,100,300.23704
52.61,98,300.27948
52.61,98,300.352256
52.61,98,300.457512
52.61,98,300.578364
52.61,98,300.681372
52.61,98,300.790114
52.6,100,300.896548
52.61,98,301.365062
52.61,98,301.46544
52.61,98,301.560735
52.61,98,301.684422
52.61,98,301.797113
52.61,98,301.897543
52.61,98,302.041371
52.61,98,302.099335
52.61,98,302.145806
52.61,98,302.187935
52.61,98,302.231428
52.61,98,302.606026
52.61,98,302.702982
52.61,98,302.805928
52.61,98,302.904183
52.61,98,303.027768
52.61,98,303.132814
52.61,98,303.230788
52.61,98,303.339405
52.61,98,303.443935
-35.485714,7500,314.529311
-35.457143,7500,325.123251
52.61,98,325.233968
52.61,98,325.328803
52.61,98,325.423603
52.61,98,325.534255
-35.428571,7500,336.359789
52.61,98,336.470355
52.61,98,336.565524
52.61,98,336.708782
52.61,98,336.819929
52.61,98,336.914793
52.61,98,337.025393
52.61,98,337.120117
52.6,100,337.247489
52.61,98,337.658523
52.61,98,337.78578
52.605,99,337.912245
52.605,99,338.012372
52.605,99,338.117803
52.605,99,338.212624
52.605,99,338.323238
52.61,98,338.450137
52.61,98,338.545088
52.61,98,338.655662
52.605,99,339.131213
52.61,98,339.274194
-35.412245,7500,349.36434
52.605,99,349.476414
52.61,98,349.604232
52.61,98,349.731237
52.585,103,349.841814
52.61,98,349.936687
52.61,98,350.365281
52.605,99,350.476137
52.605,99,350.570982
52.6,100,350.682288
52.61,98,350.793863
52.61,98,350.921421
52.61,98,351.016223
52.605,99,351.111126
52.61,98,351.221845
52.61,98,351.317001
52.61,98,351.444387
52.6,100,351.843029
52.605,99,351.906548
52.61,98,352.017433
52.6,100,352.112536
52.61,98,352.223796
52.61,98,352.318615
52.61,98,352.455837
52.61,98,352.556033
52.605,99,352.656199
52.61,98,352.763006
52.605,99,353.158613
52.61,98,353.268071
52.61,98,353.378871
52.595,101,353.521139
52.61,98,353.616054
52.605,99,353.727126
52.605,99,353.870292
52.6,100,354.029947
52.61,98,354.157461
52.6,100,354.262836
52.605,99,354.775177
52.61,98,354.885814
52.61,98,354.980287
52.6,100,355.090941
52.61,98,355.185735
52.605,99,355.2965
52.605,99,355.407364
52.605,99,355.518464
52.6,100,355.614015
52.605,99,355.724664
52.61,98,355.882662
52.61,98,356.278526
52.61,98,356.373316
52.61,98,356.484008
52.605,99,356.595124
52.61,98,356.6901
52.61,98,356.800772
52.6,100,356.895671
52.61,98,357.006765
52.61,98,357.117776
52.605,99,357.212688
52.61,98,357.655852
52.61,98,357.750704
52.61,98,357.910167
52.605,99,358.020562
52.61,98,358.131241
52.61,98,358.226081
52.61,98,358.320822
52.61,98,358.43144
52.61,98,358.526213
52.61,98,358.668562
52.61,98,358.763403
52.605,99,359.176322
52.605,99,359.28586
52.61,98,359.381497
52.6,100,359.492062
52.6,100,359.602709
52.61,98,359.730347
52.61,98,359.825445
52.61,98,359.952882
52.61,98,360.016799
52.605,99,360.111162
52.605,99,360.524112
52.61,98,360.634739
52.61,98,360.746089
52.61,98,360.857011
52.61,98,360.984555
52.605,99,361.095245
52.605,99,361.205858
52.61,98,361.300642
52.61,98,361.411271
52.61,98,361.506097
52.605,99,361.984514
52.61,98,362.094204
52.61,98,362.142034
52.6,100,362.221501
52.61,98,362.332315
52.61,98,362.443059
52.61,98,362.538021
52.61,98,362.632916
52.61,98,362.727794
52.61,98,362.870277
52.61,98,362.965356
52.61,98,363.377576
52.61,98,363.488295
52.61,98,363.588746
52.61,98,363.689077
52.61,98,363.789464
52.61,98,363.900855
52.605,99,364.012085
52.61,98,364.139689
52.605,99,364.250882
52.61,98,364.345707
52.61,98,364.773388
52.61,98,364.895462
52.61,98,365.011935
52.61,98,365.122775
52.61,98,365.217807
52.61,98,365.377514
52.61,98,365.47247
52.61,98,365.583688
52.61,98,365.679062
52.61,98,365.790359
52.61,98,365.885942
52.61,98,366.363712
52.61,98,366.474467
52.61,98,366.569265
52.61,98,366.679862
51.67,286,366.964293
52.61,98,367.075879
52.61,98,367.199294
52.61,98,367.299393
52.6,100,367.616075
52.61,98,367.678525
52.61,98,367.726361
52.61,98,367.773922
52.61,98,367.821617
52.61,98,367.869682
52.61,98,367.932742
52.61,98,367.981142
52.61,98,368.047071
52.61,98,368.124837
52.61,98,368.252223
52.61,98,368.664006
52.61,98,368.774726
52.605,99,368.885327
52.61,98,368.98031
52.605,99,369.170988
52.61,98,369.282546
52.605,99,369.393246
52.61,98,369.488047
52.61,98,369.606254
52.61,98,369.709849
52.61,98,370.137177
52.6,100,370.267264
52.61,98,370.375569
52.61,98,370.486333
52.61,98,370.581627
52.61,98,370.692482
52.61,98,370.787282
52.61,98,370.929548
52.61,98,371.088965
52.61,98,371.252156
52.61,98,371.773701
52.61,98,371.884609
52.605,99,371.979442
52.61,98,372.13804
52.61,98,372.313897
52.61,98,372.457092
52.605,99,372.632492
52.6,100,372.775344
36.0,3420,378.6403
52.61,98,378.699643
38.2,2980,382.580918
52.61,98,382.691897
52.61,98,382.786846
52.61,98,382.897493
52.605,99,383.007644
52.61,98,383.102519
52.61,98,383.19731
52.61,98,383.308095
52.61,98,383.40294
52.61,98,383.518198
52.61,98,383.624728
52.605,99,384.020049
52.61,98,384.115063
52.61,98,384.257733
52.61,98,384.384277
52.605,99,384.479128
52.61,98,384.622074
-35.408163,7500,394.898298
52.61,98,395.056451
52.61,98,395.452188
52.61,98,395.500014
52.61,98,395.642648
52.61,98,395.833056
52.61,98,395.943841
52.61,98,396.038746
52.61,98,396.165671
52.61,98,396.276265
52.61,98,396.371096
52.61,98,396.481803
52.61,98,396.877355
52.61,98,396.988337
52.61,98,397.114909
52.61,98,397.22595
52.61,98,397.321127
52.61,98,397.431806
52.61,98,397.542673
52.605,99,397.637912
52.61,98,397.732821
52.61,98,397.827722
52.61,98,397.938345
52.61,98,398.350479
42.865,2047,401.215017
52.61,98,401.342663
52.61,98,401.453411
52.61,98,401.600761
52.61,98,401.700973
52.61,98,401.754147
52.61,98,401.817439
52.61,98,401.864842
52.605,99,401.912437
52.61,98,401.959828
52.61,98,402.356282
52.605,99,402.502485
52.61,98,402.594254
52.61,98,402.705812
52.61,98,402.803427
52.61,98,402.903753
52.61,98,403.004071
52.61,98,403.104137
52.61,98,403.228143
52.605,99,403.339016
52.61,98,403.766538
52.61,98,403.861365
52.61,98,403.974962
52.61,98,404.035717
52.61,98,404.130608
52.61,98,404.241519
52.61,98,404.336754
52.61,98,404.464312
52.61,98,404.575203
52.605,99,404.686171
52.6,100,404.781451
52.61,98,405.210515
52.6,100,405.336026
52.605,99,405.446773
52.61,98,405.557904
52.61,98,405.668734
52.61,98,405.763622
52.61,98,405.874166
52.61,98,405.969016
52.61,98,406.063792
52.61,98,406.19028
52.61,98,406.702165
52.61,98,406.840089
52.61,98,406.998478
52.61,98,407.156843
52.61,98,407.316879
52.61,98,407.489945
52.61,98,407.648317
52.61,98,407.807032
52.61,98,407.950047
52.61,98,408.119361
52.61,98,408.266901
52.61,98,408.774347
52.61,98,408.932608
52.61,98,409.075186
52.605,99,409.23408
52.61,98,409.393327
52.61,98,409.552128
52.61,98,409.72657
52.6,100,409.885235
52.61,98,410.043669
52.61,98,410.186061
52.61,98,410.646408
52.61,98,410.805693
52.61,98,410.936924
52.61,98,410.99954
52.61,98,411.114499
52.61,98,411.228575
52.61,98,411.336541
52.61,98,411.463406
52.61,98,411.574224
52.61,98,411.732565
52.61,98,411.890927
52.61,98,412.383209
52.61,98,412.531902
52.61,98,412.700326
52.61,98,412.859092
52.61,98,413.017633
52.61,98,413.159489
52.6,100,413.335184
52.61,98,413.493746
52.61,98,413.604985
52.61,98,413.700046
52.61,98,414.136198
52.61,98,414.238738
52.61,98,414.336687
52.61,98,414.476105
52.6,100,414.587001
52.605,99,414.697699
52.61,98,414.824514
52.61,98,414.93537
52.61,98,414.998685
52.61,98,415.062531
52.61,98,415.490961
52.605,99,415.57015
52.61,98,415.665497
52.61,98,415.760304
52.61,98,415.887098
52.61,98,415.99785
52.61,98,416.092702
52.61,98,416.219261
52.61,98,416.330246
52.61,98,416.42524
52.61,98,416.520029
52.61,98,416.963156
52.61,98,417.057974
52.61,98,417.168575
52.605,99,417.263306
52.61,98,417.358068
52.61,98,417.484774
52.61,98,417.612054
52.61,98,417.722729
52.61,98,417.81753
52.61,98,417.960269
52.61,98,418.355842
52.61,98,418.466429
52.61,98,418.561221
52.61,98,418.656036
52.61,98,418.766023
52.61,98,418.860753
52.61,98,419.003351
52.61,98,419.098132
52.61,98,419.192964
52.61,98,419.303751
52.61,98,419.398639
52.61,98,419.854278
52.61,98,419.954524
52.61,98,420.065692
52.61,98,420.17652
52.61,98,420.271329
52.61,98,420.382611
52.61,98,420.477535
52.61,98,420.572446
52.61,98,420.683285
52.61,98,420.778476
52.61,98,421.205804
52.61,98,421.333032
52.61,98,421.427964
52.61,98,421.522723
52.61,98,421.649731
52.605,99,421.76193
52.61,98,421.872804
52.61,98,421.967975
52.61,98,422.095172
51.99,222,422.664696
52.61,98,422.762813
52.61,98,422.871045
52.61,98,422.965984
52.61,98,423.076997
52.61,98,423.204051
52.61,98,423.29922
52.61,98,423.410137
52.61,98,423.505118
52.61,98,423.599934
52.61,98,423.727779
52.61,98,424.108498
52.61,98,424.237213
52.61,98,424.330341
52.61,98,424.425376
52.61,98,424.520435
52.61,98,424.631157
52.61,98,424.742068
52.61,98,424.852813
52.61,98,424.963578
52.61,98,425.106446
52.61,98,425.572756
52.605,99,425.673102
52.61,98,425.803883
52.61,98,425.914543
52.61,98,426.025219
52.61,98,426.120011
52.605,99,426.230772
52.61,98,426.3753
52.61,98,426.484275
52.61,98,426.579006
52.61,98,426.67632
52.61,98,427.085637
52.61,98,427.196531
52.61,98,427.287119
52.605,99,427.377659
52.61,98,427.479278
52.61,98,427.578262
52.61,98,427.67753
52.61,98,427.78703
52.61,98,427.930869
52.605,99,428.042181
52.61,98,428.551767
52.61,98,428.646591
52.61,98,428.757277
52.61,98,428.852105
52.61,98,428.962828
52.61,98,429.057559
52.61,98,429.152308
52.61,98,429.257409
52.61,98,429.358307
52.61,98,429.469089
52.61,98,429.655372
52.61,98,430.064886
52.61,98,430.112333
52.61,98,430.176074
52.61,98,430.223696
52.61,98,430.31874
52.61,98,430.429329
52.61,98,430.54005
52.61,98,430.682326
52.61,98,430.7869
52.61,98,430.887158
52.61,98,431.312089
52.61,98,431.422702
52.61,98,431.539605
52.61,98,431.617007
52.61,98,431.704996
52.61,98,431.789618
52.61,98,431.861897
52.61,98,431.940946
52.61,98,432.085026
52.605,99,432.179315
52.61,98,432.274213
52.61,98,432.669582
52.61,98,432.812116
52.61,98,432.892259
52.61,98,432.970204
52.61,98,433.080826
52.61,98,433.216713
52.61,98,433.280537
52.61,98,433.32816
52.61,98,433.392162
52.61,98,433.455852
52.61,98,433.89922
52.61,98,433.97865
52.61,98,434.121878
52.61,98,434.217814
52.605,99,434.312058
52.61,98,434.406983
52.61,98,434.497202
52.61,98,434.565021
52.61,98,434.675904
52.61,98,434.770814
52.61,98,435.161335
52.61,98,435.240525
52.61,98,435.351669
52.61,98,435.446943
52.61,98,435.542125
52.61,98,435.63761
52.61,98,435.765263
52.61,98,435.900419
52.61,98,436.019863
52.61,98,436.16431
52.61,98,436.212026
52.61,98,436.575778
52.605,99,436.670594
52.61,98,436.780978
52.61,98,436.907945
52.61,98,437.035581
52.61,98,437.147093
52.61,98,437.242184
52.61,98,437.321364
52.61,98,437.404034
52.61,98,437.526908
52.61,98,437.845097
52.6,100,437.892764
52.605,99,438.005782
52.6,100,438.114998
52.61,98,438.241973
52.61,98,438.352878
52.605,99,438.447894
52.61,98,438.542825
52.61,98,438.653721
52.595,101,438.764442
52.6,100,438.859361
52.61,98,439.287303
52.605,99,439.398225
52.61,98,439.493184
52.605,99,439.603924
52.61,98,439.714807
52.61,98,439.809642
52.61,98,439.920779
52.605,99,440.015722
52.6,100,440.142195
52.605,99,440.269644
